﻿<?xml version="1.0" encoding="UTF-8"?>
<data id="364360">
  <pack>boot.pack</pack>
  <pack>data.pack</pack>
  <pack>data_bl.pack</pack>
  <pack>data_bm.pack</pack>
  <pack>data_ch.pack</pack>
  <pack>data_m.pack</pack>
  <pack>data_no.pack</pack>
  <pack>data_we.pack</pack>
  <pack>data_we_m.pack</pack>
  <pack>local_en.pack</pack>
  <pack>local_en_bl.pack</pack>
  <pack>local_en_bm.pack</pack>
  <pack>local_en_we.pack</pack>
  <pack>models.pack</pack>
  <pack>movies.pack</pack>
  <pack>shaders.pack</pack>
  <pack>shaders_bl.pack</pack>
  <pack>terrain.pack</pack>
  <pack>terrain2.pack</pack>
  <pack>terrain3.pack</pack>
  <pack>terrain4.pack</pack>
  <pack>terrain5.pack</pack>
  <pack>terrain6.pack</pack>
  <pack>terrain7.pack</pack>
  <pack>variants.pack</pack>
  <pack>variants_bl.pack</pack>
  <pack>variants_dds.pack</pack>
  <pack>variants_dds_bl.pack</pack>
</data>