﻿<?xml version="1.0" encoding="UTF-8"?>
<data id="594570">
  <pack>audio.pack</pack>
  <pack>audio_2.pack</pack>
  <pack>audio_bl.pack</pack>
  <pack>audio_bm.pack</pack>
  <pack>audio_br.pack</pack>
  <pack>audio_gc.pack</pack>
  <pack>audio_m.pack</pack>
  <pack>audio_we.pack</pack>
  <pack>audio_we_m.pack</pack>
  <pack>boot.pack</pack>
  <pack>campaign_variants.pack</pack>
  <pack>campaign_variants_2.pack</pack>
  <pack>campaign_variants_bl.pack</pack>
  <pack>data.pack</pack>
  <pack>data_1.pack</pack>
  <pack>data_2.pack</pack>
  <pack>data_bl.pack</pack>
  <pack>data_bm.pack</pack>
  <pack>data_gc.pack</pack>
  <pack>data_we.pack</pack>
  <pack>local_en.pack</pack>
  <pack>local_en_2.pack</pack>
  <pack>local_en_bm.pack</pack>
  <pack>local_en_br.pack</pack>
  <pack>local_en_gc.pack</pack>
  <pack>local_en_we.pack</pack>
  <pack>models.pack</pack>
  <pack>models_2.pack</pack>
  <pack>models_gc.pack</pack>
  <pack>models2.pack</pack>
  <pack>models2_2.pack</pack>
  <pack>models2_gc.pack</pack>
  <pack>movies.pack</pack>
  <pack>movies_2.pack</pack>
  <pack>shaders.pack</pack>
  <pack>shaders_bl.pack</pack>
  <pack>terrain.pack</pack>
  <pack>terrain_2.pack</pack>
  <pack>terrain_gc.pack</pack>
  <pack>terrain2.pack</pack>
  <pack>terrain2_2.pack</pack>
  <pack>terrain2_gc.pack</pack>
  <pack>terrain3.pack</pack>
  <pack>terrain3_2.pack</pack>
  <pack>terrain3_gc.pack</pack>
  <pack>terrain4.pack</pack>
  <pack>terrain4_2.pack</pack>
  <pack>terrain5.pack</pack>
  <pack>terrain5_2.pack</pack>
  <pack>terrain5_gc.pack</pack>
  <pack>terrain6.pack</pack>
  <pack>terrain6_2.pack</pack>
  <pack>terrain7.pack</pack>
  <pack>terrain7_gc.pack</pack>
  <pack>terrain8_2.pack</pack>
  <pack>terrain9_2.pack</pack>
  <pack>terrain10.pack</pack>
  <pack>terrain10_2.pack</pack>
  <pack>terrain11.pack</pack>
  <pack>terrain11_2.pack</pack>
  <pack>terrain12.pack</pack>
  <pack>variants.pack</pack>
  <pack>variants_2.pack</pack>
  <pack>variants_bl.pack</pack>
  <pack>variants_dds.pack</pack>
  <pack>variants_dds_2.pack</pack>
  <pack>variants_dds_bl.pack</pack>
  <pack>variants_dds_gc.pack</pack>
  <pack>variants_dds2.pack</pack>
  <pack>variants_dds2_2.pack</pack>
  <pack>variants_gc.pack</pack>
</data>