﻿<?xml version="1.0" encoding="UTF-8"?>
<data id="712100" exeName="Thrones" menuName="Thrones of Britannia" dataPath="D:\Steam\steamapps\common\Total War Saga Thrones of Britannia\">
  <pack>boot.pack</pack>
  <pack>data.pack</pack>
  <pack>lacal_en.pack</pack>
  <pack>local_en_shared_rome2.pack</pack>
  <pack>models.pack</pack>
  <pack>models2.pack</pack>
  <pack>models3.pack</pack>
  <pack>movies.pack</pack>
  <pack>music.pack</pack>
  <pack>sound.pack</pack>
  <pack>terrain.pack</pack>
  <pack>terrain2.pack</pack>
  <pack>tiles.pack</pack>
  <pack>tiles2.pack</pack>
  <pack>tiles3.pack</pack>
  <pack>tiles4.pack</pack>
  <pack>viking.pack</pack>
</data>